Category,PAA Question,Search Intent,Priority,Suggested URL,Internal Links To
Cambridge B2 First,¿Cuántas veces puedo presentarme al B2 First?,Informational,Medium,/blog/cuantas-veces-b2-first,B2 page; Registro Cambridge
Cambridge B2 First,¿Qué pasa si suspendo el B2 First?,Concern/Fear,Medium,/blog/suspender-b2-first,B2 page; Metodología
Cambridge B2 First,¿Cuánto dura el certificado B2 de Cambridge?,Validity,High,/blog/validez-certificado-b2-cambridge,B2 page; Cambridge Hub
Cambridge B2 First,¿Qué nota necesito para aprobar el B2 First?,Practical,High,/blog/nota-aprobar-b2-first,B2 page; Escala Cambridge
Cambridge B2 First,¿Es difícil el B2 First?,Decision,High,/blog/es-dificil-b2-first,B2 page; Metodología; Cursos Adultos
Cambridge B2 First,¿Puedo preparar el B2 First en 3 meses?,Timeline,High,/blog/preparar-b2-first-3-meses,B2 page; Cursos Adultos; Metodología
Cambridge B2 First,¿Qué parte del B2 First es más difícil?,Preparation,Medium,/blog/parte-mas-dificil-b2-first,B2 page; Ejercicios B2
Cambridge B2 First,¿Cómo es el Speaking del B2 First?,Exam structure,Medium,/blog/speaking-b2-first-guia,B2 page; Metodología
Cambridge B2 First,¿Qué libros usar para preparar B2 First?,Resources,Medium,/blog/libros-preparar-b2-first,B2 page; Libros Cambridge
Cambridge B2 First,¿B2 First papel o ordenador?,Format decision,Medium,/blog/b2-first-papel-ordenador,B2 page; Registro Cambridge
Cambridge B2 First,¿Cuánto tiempo se tarda en preparar el B2 First?,Timeline,High,/blog/tiempo-preparacion-b2-first,B2 page; Cursos Adultos; Metodología
Cambridge C1 Advanced,¿Cuánto tiempo se tarda en pasar de B2 a C1?,Timeline,High,/blog/tiempo-b2-a-c1,C1 Guide; B2 page; Cursos Adultos
Cambridge C1 Advanced,¿Es muy difícil el C1 Advanced?,Difficulty,High,/blog/es-dificil-c1-advanced,C1 Guide; Metodología
Cambridge C1 Advanced,¿Qué trabajos piden C1 de inglés?,Career value,High,/blog/trabajos-piden-c1-ingles,C1 Guide; Cursos Adultos
Cambridge C1 Advanced,¿C1 Advanced o C1 IELTS?,Comparison,Medium,/blog/c1-advanced-vs-ielts,C1 Guide; Cambridge Hub
Cambridge C1 Advanced,¿Cuántas horas de estudio para C1?,Preparation,Medium,/blog/horas-estudio-c1-advanced,C1 Guide; Metodología
Cambridge C1 Advanced,¿El C1 caduca?,Validity,High,/blog/c1-advanced-caduca,C1 Guide; Cambridge Hub
Cambridge C1 Advanced,¿Qué diferencia hay entre B2 y C1?,Level comparison,High,/blog/diferencia-b2-c1,C1 Guide; B2 page; Escala Cambridge
Cambridge C1 Advanced,¿Puedo hacer C1 sin haber hecho B2?,Pathway,Medium,/blog/c1-sin-b2,C1 Guide; Cursos Adultos
Cambridge C1 Advanced,¿Qué porcentaje aprueba el C1 Advanced?,Statistics,Medium,/blog/porcentaje-aprobados-c1,C1 Guide; Metodología
Cambridge C1 Advanced,¿Merece la pena el C1 en España?,Value question,High,/blog/vale-pena-c1-espana,C1 Guide; Cursos Adultos
Cambridge B1 Preliminary,¿Es suficiente el B1 para trabajar?,Career value,High,/blog/b1-suficiente-trabajar,B1 Guide; Cursos Adultos
Cambridge B1 Preliminary,¿Cuánto cuesta el examen B1 Cambridge?,Price,High,/blog/precio-b1-cambridge,B1 Guide; Precios Cambridge
Cambridge B1 Preliminary,¿Qué nivel es B1 en el colegio?,Education context,Medium,/blog/b1-nivel-colegio,B1 Guide; Secundaria
Cambridge B1 Preliminary,¿B1 Preliminary o B1 Preliminary for Schools?,Version choice,Medium,/blog/b1-preliminary-vs-schools,B1 Guide; Secundaria; Primaria
Cambridge B1 Preliminary,¿Cuánto tiempo preparar B1 desde cero?,Timeline,High,/blog/tiempo-preparar-b1-cero,B1 Guide; Cursos Adultos; Metodología
Cambridge B1 Preliminary,¿El B1 sirve para la universidad?,Academic use,High,/blog/b1-universidad-espana,B1 Guide; Cambridge Hub
Cambridge B1 Preliminary,¿Qué es más fácil B1 o A2?,Level comparison,Medium,/blog/b1-vs-a2-diferencias,B1 Guide; A2 Guide; Escala Cambridge
Cambridge A2 Key,¿Para qué sirve el A2 de Cambridge?,Value question,Medium,/blog/para-que-sirve-a2-cambridge,A2 Guide; Primaria
Cambridge A2 Key,¿Es fácil el A2 Key?,Difficulty,Medium,/blog/es-facil-a2-key,A2 Guide; Primaria
Cambridge A2 Key,¿A2 Key para niños o adultos?,Audience,Medium,/blog/a2-key-ninos-adultos,A2 Guide; Primaria; Cursos Adultos
Cambridge A2 Key,¿Cuánto cuesta el A2 Cambridge?,Price,Medium,/blog/precio-a2-cambridge,A2 Guide; Precios Cambridge
Cambridge A2 Key,¿Qué edad mínima para A2 Key?,Requirements,Medium,/blog/edad-minima-a2-key,A2 Guide; Primaria
Linguaskill,¿Linguaskill es más fácil que Cambridge?,Comparison,High,/blog/linguaskill-vs-cambridge-dificultad,Linguaskill page; Cambridge Hub
Linguaskill,¿Cuánto dura el examen Linguaskill?,Practical,Medium,/blog/duracion-examen-linguaskill,Linguaskill page
Linguaskill,¿Se puede suspender Linguaskill?,Concern,Medium,/blog/se-puede-suspender-linguaskill,Linguaskill page
Linguaskill,¿Linguaskill desde casa es fiable?,Trust,High,/blog/linguaskill-casa-fiable,Linguaskill Online Casa
Linguaskill,¿Qué universidades aceptan Linguaskill?,Recognition,High,/blog/universidades-aceptan-linguaskill,Linguaskill page; Certificado Linguaskill
Linguaskill,¿Linguaskill General o Business?,Version choice,Medium,/blog/linguaskill-general-vs-business,Linguaskill page
Linguaskill,¿Puedo repetir solo una parte de Linguaskill?,Retake policy,Medium,/blog/repetir-modulo-linguaskill,Linguaskill page; Precios Linguaskill
Linguaskill,¿Cuánto tarda en llegar el certificado Linguaskill?,Timeline,Medium,/blog/tiempo-certificado-linguaskill,Linguaskill page; Certificado Linguaskill
Linguaskill,¿Linguaskill es reconocido internacionalmente?,Validity,High,/blog/linguaskill-reconocimiento-internacional,Linguaskill page; Certificado Linguaskill
Linguaskill,¿Cómo funciona el Speaking de Linguaskill?,Format,Medium,/blog/speaking-linguaskill-como-funciona,Linguaskill page
Linguaskill,¿Linguaskill tiene validez para oposiciones?,Official use,High,/blog/linguaskill-oposiciones-validez,Linguaskill page; Certificado Linguaskill
Linguaskill,¿Qué puntuación es B2 en Linguaskill?,Scoring,Medium,/blog/puntuacion-b2-linguaskill,Linguaskill page; Escala Cambridge
Linguaskill,¿Es trampa usar Linguaskill online?,Proctoring concerns,Medium,/blog/linguaskill-online-seguridad,Linguaskill Online Casa
Linguaskill,¿Linguaskill o APTIS?,Alternative comparison,Medium,/blog/linguaskill-vs-aptis,Linguaskill page
Linguaskill,¿Cuántas veces puedo hacer Linguaskill?,Retake policy,Medium,/blog/cuantas-veces-linguaskill,Linguaskill page; Registro Linguaskill
Comparison,¿Cambridge o Linguaskill cuál es mejor?,Decision,High,/blog/cambridge-vs-linguaskill-diferencias,Cambridge Hub; Linguaskill page
Comparison,¿Cambridge o IELTS para España?,Decision,High,/blog/cambridge-vs-ielts-espana,Cambridge Hub
Comparison,¿Cambridge o Trinity?,Decision,Medium,/blog/cambridge-vs-trinity,Cambridge Hub
Comparison,¿Academia o profesor particular?,Format decision,High,/blog/academia-vs-profesor-particular,Metodología; Contacto
Comparison,¿Presencial o online para aprender inglés?,Format decision,High,/blog/ingles-presencial-vs-online,Metodología; Cursos
Comparison,¿Nativo o no nativo para clases inglés?,Teacher choice,Medium,/blog/profesor-nativo-vs-no-nativo,Metodología; Sobre Nosotros
Comparison,¿Grupo o individual clases inglés?,Format decision,Medium,/blog/clases-grupo-vs-individual,Metodología; Cursos
Comparison,¿Intensivo o extensivo inglés?,Pace choice,Medium,/blog/curso-intensivo-vs-extensivo,Cursos Adultos
Comparison,¿Franquicia o academia independiente?,Business type,Medium,/blog/franquicia-vs-academia-independiente,Sobre Nosotros
Comparison,¿App o academia para inglés?,Method choice,Medium,/blog/app-vs-academia-ingles,Metodología
Comparison,¿B1 vs B2 qué nivel necesito?,Decision,High,/blog/b1-vs-b2-que-nivel-necesito,B1 Guide; B2 page; Escala Cambridge
Learning Methods,¿Cuánto tiempo se tarda en aprender inglés?,Expectation,High,/blog/cuanto-tiempo-aprender-ingles,Metodología; Cursos
Learning Methods,¿Por qué no puedo hablar inglés si lo entiendo?,Pain point,High,/blog/entiendo-ingles-no-hablo,Metodología
Learning Methods,¿Es posible aprender inglés a los 40?,Adult learner,Medium,/blog/aprender-ingles-40-anos,Cursos Adultos; Metodología
Learning Methods,¿Por qué me da vergüenza hablar inglés?,Emotional barrier,High,/blog/verguenza-hablar-ingles,Metodología
Learning Methods,¿Cómo perder el miedo a hablar inglés?,Emotional barrier,High,/blog/perder-miedo-hablar-ingles,Metodología
Learning Methods,¿Cuántas horas al día estudiar inglés?,Study planning,Medium,/blog/horas-dia-estudiar-ingles,Metodología
Learning Methods,¿Se puede aprender inglés solo con series?,Method question,Medium,/blog/aprender-ingles-series,Metodología
Learning Methods,¿Clases particulares o academia de inglés?,Format decision,High,/blog/clases-particulares-vs-academia,Metodología; Contacto
Learning Methods,¿Inglés online o presencial es mejor?,Format decision,High,/blog/ingles-online-vs-presencial,Metodología
Learning Methods,¿Cuántas clases de inglés a la semana?,Frequency,Medium,/blog/clases-ingles-semana,Metodología; Cursos
Learning Methods,¿Por qué no avanzo en inglés?,Frustration,High,/blog/por-que-no-avanzo-ingles,Metodología
Learning Methods,¿Cómo mantener el inglés sin usarlo?,Maintenance,Medium,/blog/mantener-ingles-sin-usar,Metodología
Learning Methods,¿Es tarde para aprender inglés a los 50?,Adult learner,Medium,/blog/aprender-ingles-50-anos,Cursos Adultos
Learning Methods,¿Cuánto inglés se aprende en un año?,Progress expectation,Medium,/blog/progreso-ingles-un-ano,Metodología
Skills,¿Cómo mejorar el listening en inglés?,Skill improvement,High,/blog/mejorar-listening-ingles,Metodología
Skills,¿Cómo mejorar el Speaking en inglés?,Skill improvement,High,/blog/mejorar-speaking-ingles,Metodología
Skills,¿Cómo ampliar vocabulario en inglés rápido?,Skill improvement,Medium,/blog/ampliar-vocabulario-ingles,Metodología
Skills,¿Cómo mejorar la pronunciación en inglés?,Skill improvement,Medium,/blog/mejorar-pronunciacion-ingles,Metodología
Skills,¿Cómo practicar inglés sin profesor?,Self-study,Medium,/blog/practicar-ingles-sin-profesor,Metodología
Skills,¿Cómo pensar en inglés y no traducir?,Fluency,High,/blog/pensar-ingles-no-traducir,Metodología
Skills,¿Por qué no entiendo inglés hablado?,Listening problem,High,/blog/no-entiendo-ingles-hablado,Metodología
Skills,¿Cómo entender películas en inglés sin subtítulos?,Listening goal,Medium,/blog/entender-peliculas-ingles,Metodología
Skills,¿Gramática o vocabulario primero?,Study priority,Medium,/blog/gramatica-o-vocabulario-primero,Metodología
Kids Early Childhood,¿Es bueno que los niños aprendan inglés desde pequeños?,Parent decision,High,/blog/ninos-aprender-ingles-pequenos,Infantil; Great Little People
Kids Early Childhood,¿A qué edad empezar inglés bebés?,Age question,High,/blog/edad-empezar-ingles-bebes,Infantil
Kids Early Childhood,¿Cómo enseñar inglés a niños de 3 años?,Method,Medium,/blog/ensenar-ingles-ninos-3-anos,Infantil; Great Little People
Kids Early Childhood,¿Se confunden los niños con dos idiomas?,Parent concern,High,/blog/ninos-confusion-dos-idiomas,Infantil
Kids Early Childhood,¿Inglés nativo o bilingüe para niños?,Teacher preference,Medium,/blog/profesor-nativo-ninos,Infantil; Sobre Nosotros
Kids Early Childhood,¿Cuántas horas de inglés para niños?,Time investment,Medium,/blog/horas-ingles-ninos,Infantil; Primaria
Kids Early Childhood,¿Extraescolares de inglés o academia?,Format choice,Medium,/blog/extraescolar-vs-academia-ninos,Infantil; Primaria
Kids Early Childhood,¿Inglés jugando funciona?,Method validation,High,/blog/ingles-jugando-funciona,Infantil; Great Little People; Metodología
Kids Early Childhood,¿Qué método de inglés para niños es mejor?,Method comparison,High,/blog/mejor-metodo-ingles-ninos,Infantil; Great Little People; Metodología
Kids Early Childhood,¿Qué es Great Little People?,Method info,High,/blog/great-little-people-metodologia,Infantil
Kids Primary,¿Mi hijo debería preparar Cambridge?,Parent decision,High,/blog/hijo-preparar-cambridge,Primaria; Cambridge Hub
Kids Primary,¿A qué edad hacer el A2 Key?,Timing,Medium,/blog/edad-a2-key-ninos,Primaria; A2 Guide
Kids Primary,¿Cómo motivar a mi hijo con el inglés?,Parent help,High,/blog/motivar-hijo-ingles,Primaria; Metodología
Kids Primary,¿Por qué mi hijo no avanza en inglés?,Parent concern,High,/blog/hijo-no-avanza-ingles,Primaria; Metodología
Kids Primary,¿Refuerzo de inglés o academia?,Format choice,Medium,/blog/refuerzo-vs-academia-ninos,Primaria
Kids Primary,¿Cuántas horas de inglés extraescolar?,Time investment,Medium,/blog/horas-ingles-extraescolar,Primaria; Infantil
Kids Primary,¿Inglés del colegio es suficiente?,Supplement question,High,/blog/ingles-colegio-suficiente,Primaria; Secundaria
Kids Primary,¿Mejor profesor nativo para niños?,Teacher preference,Medium,/blog/profesor-nativo-ninos-primaria,Primaria; Sobre Nosotros
Kids Secondary,¿Qué nivel de inglés tiene un alumno de 4º ESO?,Level benchmark,High,/blog/nivel-ingles-4-eso,Secundaria; Escala Cambridge
Kids Secondary,¿B1 o B2 para Bachillerato?,Level choice,High,/blog/b1-b2-bachillerato,Secundaria; B1 Guide; B2 page
Kids Secondary,¿Cambridge ayuda para Selectividad?,Academic benefit,High,/blog/cambridge-selectividad,Secundaria; Cambridge Hub
Kids Secondary,¿Mi hijo adolescente puede aprender inglés?,Late start concern,Medium,/blog/adolescente-aprender-ingles,Secundaria
Kids Secondary,¿Inglés para aprobar o para hablar?,Goal setting,Medium,/blog/ingles-aprobar-vs-hablar,Secundaria; Metodología
Kids Secondary,¿Cuándo preparar B2 First adolescentes?,Timing,High,/blog/cuando-b2-first-adolescentes,Secundaria; B2 page
Kids Secondary,¿Cómo ayudar a mi hijo adolescente con inglés?,Parent support,Medium,/blog/ayudar-adolescente-ingles,Secundaria
Career,¿Qué nivel de inglés piden en las empresas?,Career planning,High,/blog/nivel-ingles-empresas-espana,Cursos Adultos; Cambridge Hub
Career,¿B2 es suficiente para trabajar?,Career threshold,High,/blog/b2-suficiente-trabajar,B2 page; Cursos Adultos
Career,¿Inglés de negocios o general?,Course choice,Medium,/blog/ingles-negocios-vs-general,Cursos Adultos
Career,¿Cómo poner nivel de inglés en CV?,Practical,Medium,/blog/nivel-ingles-cv,Cambridge Hub; Escala Cambridge
Career,¿Las empresas verifican el nivel de inglés?,Concern,Medium,/blog/empresas-verifican-ingles,Cambridge Hub
Career,¿Mejor Cambridge o curso de empresa?,Credential choice,Medium,/blog/cambridge-vs-curso-empresa,Cambridge Hub; Cursos Adultos
Career,¿Inglés para entrevistas de trabajo?,Specific need,High,/blog/ingles-entrevistas-trabajo,Cursos Adultos
Career,¿Cuánto inglés necesito para trabajo remoto?,Modern work,Medium,/blog/ingles-trabajo-remoto,Cursos Adultos
Career,¿Inglés técnico o conversacional para IT?,Industry specific,Medium,/blog/ingles-it-tecnico,Cursos Adultos
Career,¿Cómo mejorar inglés para reuniones?,Professional skill,Medium,/blog/ingles-reuniones-trabajo,Cursos Adultos
Local Madrid,¿Mejor academia inglés Madrid norte?,Local search,High,/blog/mejor-academia-ingles-madrid-norte,Location pages; Home
Local Madrid,¿Academias inglés cerca de Barrio del Pilar?,Hyperlocal,High,/academia-ingles-barrio-del-pilar,Barrio del Pilar page
Local Madrid,¿Cuánto cuesta academia inglés Madrid?,Price comparison,High,/blog/precio-academia-ingles-madrid,Cursos; Contacto
Local Madrid,¿Academia inglés La Vaguada?,Location specific,High,/academia-ingles-la-vaguada,La Vaguada page
Local Madrid,¿Academias inglés con parking Madrid?,Practical,Medium,/blog/academias-parking-madrid,Location pages; Contacto
Local Madrid,¿Inglés para niños Barrio del Pilar?,Local + audience,High,/blog/ingles-ninos-barrio-pilar,Barrio del Pilar; Infantil; Primaria
Local Madrid,¿Centro Cambridge Madrid norte?,Certification + location,High,/blog/centro-cambridge-madrid-norte,Cambridge Hub; Location pages
Local Madrid,¿Clases inglés Peñagrande?,Hyperlocal,Medium,/academia-ingles-penagrande,Peñagrande page
Local Madrid,¿Academia inglés zona Fuencarral?,Hyperlocal,Medium,/blog/academia-ingles-fuencarral,Location pages
Local Madrid,¿Mejor academia inglés para adultos Madrid?,Audience + location,High,/blog/academia-ingles-adultos-madrid,Cursos Adultos; Location pages
Price,¿Cuánto cuesta una academia de inglés al mes?,Price research,High,/blog/precio-academia-ingles-mes,Cursos; Contacto
Price,¿Cuánto cobran las clases particulares de inglés?,Price comparison,Medium,/blog/precio-clases-particulares-ingles,Cursos; Contacto
Price,¿Es caro preparar Cambridge?,Cost concern,High,/blog/coste-preparar-cambridge,Cambridge Hub; Precios Cambridge
Price,¿Merece la pena pagar academia de inglés?,Value question,High,/blog/merece-pena-academia-ingles,Metodología; Sobre Nosotros
Price,¿Academia barata o cara de inglés?,Quality vs price,Medium,/blog/academia-barata-vs-cara,Metodología; Sobre Nosotros
Price,¿Cuánto cuesta profesor nativo de inglés?,Price research,Medium,/blog/precio-profesor-nativo,Cursos; Sobre Nosotros
Price,¿Descuentos academias inglés Madrid?,Savings,Medium,/blog/descuentos-academia-ingles,Contacto
Price,¿Precio clases inglés niños Madrid?,Specific price,High,/blog/precio-ingles-ninos-madrid,Infantil; Primaria; Contacto
Price,¿Cuánto invertir en aprender inglés?,Budget planning,Medium,/blog/inversion-aprender-ingles,Cursos; Metodología
Definitions,¿Qué es el MCER?,Educational,High,/blog/que-es-mcer-marco-europeo,Escala Cambridge; Cambridge Hub
Definitions,¿Qué significa ser Centro Preparador Oficial Cambridge?,Trust building,High,/blog/centro-preparador-oficial-cambridge,Cambridge Hub; Sobre Nosotros
Definitions,¿Qué es una clase de conversación de inglés?,Method info,Medium,/blog/clase-conversacion-ingles,Metodología; Cursos Adultos
